shoulder_width_ratio,hip_width_ratio,shoulder_hip_ratio,torso_ratio,upper_leg_ratio,lower_leg_ratio,crural_index,upper_arm_ratio,forearm_ratio,ape_index,cog_ratio,upper_body_ratio,sport,gender
0.27298902646443884,0.14659668116319297,1.8621773992314639,0.34253452139230484,0.28114059116019685,0.21267618234658064,0.7564762579068331,0.21388929545384375,0.07793761070159043,0.5836538123108683,0.5064956223245486,0.5086423798142858,archery,male
0.18295325233131118,0.10918304044998715,1.675656325169984,0.49041508848928334,0.25065372541358305,0.413900606155011,1.6512844781064704,0.2510775932542108,0.2077277766563263,0.9176107398210742,0.653876470798614,0.6569342239698197,archery,male
0.2361183907670776,0.12102895523476981,1.9509248039781835,0.3519625241817563,0.27905872459762765,0.21750658447043533,0.7794294365247177,0.18890219235173578,0.1469408731521477,0.671686131007767,0.5042051628004577,0.5042109729726486,archery,male
0.23074859099003525,0.13004027959462625,1.7744393637828708,0.36141972228242214,0.27431885960973074,0.22762705160221983,0.8297900185428787,0.19143935743577317,0.16503751180660642,0.7129537384847593,0.5000773929959248,0.5000824573637164,archery,male
0.23082898395143134,0.13687248520212145,1.6864527856753901,0.35892821102287287,0.26418588455443753,0.24166663440531122,0.9147598283416765,0.1861163773781626,0.1523442690170591,0.6769212927904434,0.49554391602326286,0.49570263153370875,archery,male
0.19535816700431588,0.13340260663254772,1.4644254106849826,0.4082378123058638,0.09642751208914603,0.3285391282261057,3.4071098704939664,0.2393980747261031,0.10569837849080413,0.6901929064338145,0.6130343539372644,0.6130350744003629,archery,male
0.21359581252198448,0.1291160174039356,1.6542936873103542,0.3613432422123676,0.28142924830207067,0.2501731089525074,0.8889378430346563,0.18283525091219516,0.1665019800273983,0.6986744618791869,0.4721876243485737,0.47785316911174763,archery,male
0.18265269124840497,0.1195941132861813,1.5272715874512017,0.3664030735345859,0.262726892479404,0.26131388107781733,0.9946217481269168,0.14830279186413198,0.1918530172181381,0.6803116181645402,0.47683297625010085,0.47688939664842206,archery,male
0.21995712834009712,0.13725109959267126,1.6025891886686354,0.3753742571428031,0.2635350709676721,0.2447782098168044,0.9288259392497761,0.14130219827227927,0.18666351171257076,0.6559314199697001,0.49504614697231314,0.49968028526353186,archery,male
0.24061846993369418,0.13302492043426561,1.8088225059498984,0.34725950456932814,0.28223654599171694,0.22831043059140801,0.8089329104747068,0.18289912935921024,0.1314144378815033,0.628627134481427,0.4895792832805036,0.48992542109349707,archery,male
0.19178800799498333,0.12071310143345514,1.5887919846107947,0.3673623812104068,0.2762863151504237,0.26740340049291095,0.9678488793312964,0.16304812471255598,0.1716530296031667,0.6694023086314453,0.4601942144165158,0.4624581521520389,archery,male
0.21572498295305062,0.12203227387195534,1.7677699194510146,0.3803301884961998,0.27282880920940517,0.2369009081026953,0.8683133895910017,0.18836623416937404,0.10479391199125981,0.5863202923212677,0.49313678557164586,0.498015092170627,archery,male
0.232116074883339,0.13236271094655733,1.75363645261888,0.361301512070933,0.2621520605816976,0.2416370291947212,0.9217437721395172,0.17257388551005554,0.12606925020159668,0.5972862714233044,0.49675796596275906,0.4980252989276025,archery,male
0.229913043814965,0.13254746538870166,1.7345714091230202,0.34040266148571513,0.27172941985213406,0.23581895506999734,0.8678447670418684,0.17229676498417906,0.12156727511969974,0.5877280802077576,0.4945041383087861,0.49493772807488307,archery,male
0.2533974918014309,0.1398782500644038,1.811557491495352,0.34626094439499766,0.2983669310398051,0.22905906818175975,0.7677093013742899,0.19410596506982303,0.12335313956628309,0.6349182092722122,0.4728714585933488,0.472888640012422,archery,male
0.25731326085625705,0.13910608934801907,1.8497627390883251,0.35474902766593785,0.271433634668035,0.24312318396192,0.8957002851148539,0.19799815253279907,0.11849761003017603,0.6329915251259502,0.48881855840431504,0.4890967523494049,archery,male
0.24347989145631452,0.15708394797955166,1.5499985491070636,0.35353157135984203,0.29155825566749377,0.2367164547528585,0.8119010528819347,0.22525673248613604,0.15862726660567616,0.7677679981836244,0.47309911771150537,0.47310982490904385,athletics,male
0.16378255810787043,0.09269896542679502,1.7668218556032387,0.36218223426866325,0.2655872411776856,0.22682270453854025,0.8540421728572014,0.18924324435567508,0.13040022021860914,0.6392869291485684,0.5174694514462769,0.5361305486395022,basketball,male
0.23339572451641707,0.14029381757282952,1.663620881905622,0.3436937132113311,0.2678456055610531,0.2607711352656221,0.9735875065763646,0.17313462819270192,0.15539624540529254,0.6570617471959889,0.47316292761495554,0.473169973925114,basketball,male
0.1885116201549379,0.11295666016054853,1.6688845074473777,0.378580361651468,0.2698064249313276,0.25721910355821775,0.9533468434774537,0.19707413775350602,0.17050160680493365,0.7351514891168793,0.4771446328473567,0.481495295321902,basketball,male
0.2325752461272352,0.10818803740957801,2.149731631111418,0.33912519243248507,0.2549283000491789,0.29945890863195074,1.174678953157344,0.19778729362861863,0.17412561597696335,0.743825819211164,0.4481702057653207,0.45182667984484454,basketball,male
0.21965475233514667,0.11965452787281115,1.835741248075731,0.3773782929093591,0.27781732963809885,0.2532806153688283,0.9116804041661708,0.18423537864677417,0.19115678935436417,0.7507843360022767,0.4868476161026122,0.4884274851280105,basketball,male
0.21896387843719484,0.11083793299068267,1.975531954891305,0.3416668692106405,0.27991986829319065,0.23960211048978683,0.8559667877480758,0.17792010635825725,0.14795114305181298,0.6517424988201405,0.48173390096371493,0.48176495968774685,basketball,male
0.23509789041188311,0.11216987419138982,2.095909370556549,0.36346191364010955,0.2773520627875571,0.28037952695941976,1.0109155999830497,0.18759066335485147,0.1526049521356181,0.6803912309809391,0.45091767634123714,0.45583561154447994,basketball,male
0.22320885960852227,0.12790492400608935,1.745115454647357,0.3627763871174417,0.2855580191671792,0.2261648880988486,0.7920102848396666,0.155531254503341,0.1392310796393686,0.5895246682854192,0.49025503631659667,0.49188110869099994,basketball,male
0.23572369570192883,0.125815302051395,1.8735693660349577,0.3503894394270354,0.27428668192204575,0.24763249492548695,0.9028236193978455,0.17989845383534014,0.16159205587383263,0.6829810194183455,0.4839052514252173,0.4840498842208103,basketball,male
0.25851244152479746,0.14740096690180635,1.7538042453752007,0.4029259075609366,0.284143732635478,0.18286639421179773,0.6435700429345494,0.22769046756894232,0.19162523882108617,0.838631412780057,0.5352255540516142,0.5352532156367452,basketball,male
0.21805570470735916,0.12816421214929055,1.7013774832350201,0.3564162844552757,0.2604098269860399,0.2721350669949748,1.0450261042167333,0.17455342957967176,0.16198224674840678,0.6730713526561571,0.4733305686249832,0.4770573431338006,basketball,male
0.18601525846790568,0.1357839699923877,1.3699353353590562,0.36662220614596147,0.27293255931874166,0.2487371194341389,0.9113501154094762,0.14366562837456565,0.16315146539998093,0.6136341875490932,0.47847858353391104,0.48094906272055665,basketball,male
0.22147812597193503,0.12222980619615127,1.8119813232503421,0.35299718969418314,0.2660147747746063,0.2662749371948004,1.0009779998889705,0.17609654263613975,0.15215676035712059,0.6565066059865207,0.46896846344401544,0.4690904597320118,basketball,male
0.22573816397758362,0.1240269057898762,1.820074140687058,0.3292178619357064,0.263545459574906,0.26314648630209836,0.998486131108268,0.17275063828691545,0.1395734861556853,0.6246482488852015,0.47404034631730085,0.4747379682612025,basketball,male
0.24023930981508612,0.1359691993108298,1.7668656654062633,0.3481225829978629,0.2638008150754106,0.2840976788606262,1.0769401102093392,0.16029363661102045,0.14711980101929634,0.6148268752606336,0.4526818561125586,0.4551724064939004,basketball,male
0.1393270188088884,0.079995278943375,1.7416905178555802,0.3395579842394515,0.27606823938572433,0.2655408768270907,0.9618668102420695,0.17298686764752585,0.15322602071416724,0.6524257767233861,0.45982224417589324,0.4703926709926726,basketball,male
0.20869349242175483,0.11724193792140476,1.7800242483338704,0.3504234701276134,0.26832120768752993,0.26068339962049697,0.9715348326997415,0.18290048336226417,0.08116756247495546,0.5281360916744392,0.4745347185456708,0.4776723239097633,basketball,male
0.21488569945447109,0.11945634983154374,1.7988637670370888,0.3505680372704917,0.273800233044384,0.27832959206830143,1.0165425681839475,0.18321674715482694,0.11695392963157157,0.600341353572797,0.4692951222580213,0.46965694094873434,basketball,male
0.2326272403473832,0.12891317549628784,1.8045264919727455,0.34078790543195675,0.26606894499918116,0.2502070558265764,0.9403842895958655,0.19534733676808372,0.16573223076750657,0.7221591350711807,0.4847673038127047,0.4848197166137552,basketball,male
0.2182815859794353,0.11910494894337396,1.8326827551323066,0.3357908077758802,0.2641878283137773,0.26863720969816623,1.016841734961023,0.19219081269552102,0.16237661583240823,0.7091348570558585,0.46939997711585724,0.47308667543446237,basketball,male
0.18564383215749405,0.10833112100842845,1.7136703694135176,0.35755516560747874,0.27433326571096195,0.26610511081229465,0.9700067183710176,0.1824063686848423,0.13620898262659517,0.637230702622875,0.47096238735523094,0.48759841432320206,basketball,male
0.25893154193855594,0.1336007783444097,1.9380990526197068,0.3471479696818652,0.2849743723299609,0.2534303379995201,0.8893092242908172,0.20076781295771665,0.18459487286051568,0.7707253716364647,0.4661008049354738,0.47976292501994505,basketball,male
0.21927995915370518,0.1187247989739012,1.8469600374047264,0.3356460720481957,0.26008696048241503,0.2703527742588224,1.039470697636537,0.1839920651167963,0.0789064726147568,0.5257970754631062,0.4722411759647917,0.47289916469583904,basketball,male
0.22608530460173268,0.1317813120857694,1.7156097554605152,0.3724495369543818,0.2720489775165226,0.23972264925345482,0.8811746011392213,0.18250879318995752,0.11093223322312427,0.5868820528261636,0.49073012285485756,0.4911586819092076,cricket,male
0.2523442558706618,0.1463121222153464,1.724698213995244,0.38123893779416784,0.2552621988963637,0.2252816941447255,0.882550158694628,0.18628757412904845,0.17405833328157824,0.7206918148212534,0.5208269119901975,0.5215112657421048,cricket,male
0.2424413205562011,0.14240816211072085,1.7024397826839834,0.3497988215963682,0.2873009903481597,0.2385635547427326,0.8303610595063886,0.16679266501836304,0.1590213826095858,0.6516280952558977,0.47418928103258523,0.4742033866678724,cricket,male
0.2316667584946125,0.13075809528687943,1.7717201981746706,0.39232645817807155,0.2540342893483962,0.23302609028900512,0.9173017189400785,0.182715629820299,0.17560844147620575,0.7166481425930095,0.5167639393245321,0.5198530449445221,cricket,male
0.2300604005854721,0.1325285917947097,1.735930318657892,0.3585698212024262,0.2703597408086501,0.2466106964253125,0.9121576152118512,0.19663309194354164,0.10771009875631642,0.6086863813997162,0.48331142355410683,0.4846863004018537,cricket,male
0.268628726065161,0.1412888577887812,1.9012732516158186,0.3974809776003432,0.25953078624764037,0.1797123365024309,0.6924509384830827,0.21153515534925105,0.17825613122417758,0.7795825731468573,0.5614165902145408,0.5644279221416164,cricket,male
0.21810301077479155,0.12000436889322068,1.8174589207569483,0.40536395780417267,0.2792341964703044,0.2335073605360187,0.8362419914455264,0.18048933069896353,0.18626060251462576,0.7334998664271786,0.49198199470881737,0.49255091085074393,cricket,male
0.25089561224023255,0.15031467406007745,1.6691358565561945,0.3486455016093125,0.27090963270335683,0.2468107440279335,0.9110445485642389,0.193520147449601,0.18250070236542296,0.7520416996300479,0.48278997556091086,0.48386756519913393,cricket,male
0.2651022382369589,0.132940102607603,1.9941479887333664,0.3616988163104251,0.2763069723669236,0.23192684426215834,0.8393810777752276,0.18273326229377512,0.16585456962198997,0.6971756638315302,0.49803110945077084,0.5033734738681729,cricket,male
0.22936058475023596,0.136189368336028,1.6841298814480232,0.34659307076407064,0.25966853993382744,0.2585015061165628,0.9955056788259292,0.16750520128249666,0.15187600615702754,0.6387624148790483,0.48541249148437904,0.48683611247736513,cricket,male
0.23168274648962764,0.13594493125093587,1.7042396826254065,0.36178671025152676,0.26945713779169206,0.23595482293833944,0.8756673691114016,0.16629954082161774,0.17103054393628558,0.6746601695158067,0.4957801293499859,0.49581726309260943,cricket,male
0.24960174413820704,0.14939958558333338,1.670699039516291,0.35803570820550873,0.27212652444270313,0.25636770979703555,0.9420901190064418,0.1937962723486965,0.1135657000637845,0.6147239448249621,0.48962004262529324,0.49159777562440465,cricket,male
0.21313353559895587,0.12391806546411346,1.719955317255006,0.3628672950781806,0.2524151362608857,0.2640327343891567,1.0460257585989754,0.16328643299047055,0.1306510196101073,0.5878749052011557,0.4888441039525998,0.48884955592542567,cricket,male
0.2238156548568187,0.12671063702946475,1.7663525344346078,0.3767472692555008,0.25225319705651417,0.254700550101981,1.0097019703774797,0.1703100637366166,0.15372030493218716,0.6480607373376075,0.4967830964867455,0.49680240137865633,cricket,male
0.2226655281266555,0.12466793629960844,1.7860689342890395,0.351567176821917,0.2769096342327,0.24999339698337286,0.9027977581065013,0.18859215198786133,0.17453552045215706,0.7262553448800367,0.4731983307939596,0.4738090661610559,cricket,male
0.24231170436261837,0.12642072583740774,1.9167086943818088,0.3513677840193218,0.2882003974862997,0.24396329982645487,0.8465057715198059,0.19594753693823388,0.17038677245467046,0.7326686187858087,0.4695996629018863,0.4699278043218599,cricket,male
0.2486061207455825,0.14697475330379242,1.6914886071060182,0.3574062696472646,0.281889065180024,0.22793740660111125,0.8086067703816132,0.19411924862380311,0.1752993284387555,0.7388371541251172,0.4916672928586721,0.49620816222428094,cricket,male
0.2348136375775189,0.14036735383253682,1.6728507816543996,0.3352865810483343,0.27509057794227854,0.25069443011555015,0.9113159454270825,0.18077719599422912,0.15403481239642994,0.6696240167813181,0.47586210400387413,0.47630630429952026,cricket,male
0.2334532662555825,0.13744540063791166,1.6985163939431882,0.3617911091463741,0.2876008344908521,0.22412291789618047,0.779284657824278,0.16609831656914034,0.15926827146531314,0.6507331760689069,0.490799214615307,0.4908029202190483,cricket,male
0.21546414178768916,0.11616440662648839,1.8548206636176108,0.35294123548455314,0.291946167859274,0.23266298798227944,0.796937975546332,0.17858674127761526,0.1732670302190533,0.703707542993337,0.4760794318042564,0.4760824322184136,cricket,male
0.19675946942542488,0.1178360232927745,1.6697735032737637,0.3555219143651765,0.2788649052646202,0.24213369817882308,0.8682831493229949,0.17296248721511087,0.09237030648105875,0.5306655873923393,0.4793963020342653,0.48071952379300315,cricket,male
0.2339339352840574,0.11628081271809493,2.01180168779173,0.3499936100137073,0.27824340355317867,0.2400905762551391,0.8628796700628782,0.18058094025553664,0.12125334671875042,0.6036685739485741,0.4818776084093244,0.48317593903908784,cricket,male
0.1989599435649302,0.11452918094110306,1.737198694079947,0.3630386287229709,0.2565375554780833,0.2450386974971798,0.9551767071317326,0.20104942697186307,0.16412999804279355,0.7303588500293132,0.49900562169229457,0.5001277446526435,cricket,male
0.21969422874749245,0.12303526134627182,1.7856200437465042,0.3565013312286409,0.2742320937852234,0.2353844279694502,0.858340191771287,0.19873339191037703,0.10243813792495919,0.6023430596706725,0.493309976115478,0.5050140179669539,cricket,male
0.1991359444526091,0.11811895399066692,1.6858932264871198,0.38401508976651044,0.2704333358978508,0.2263788239036929,0.837096592223385,0.17711444465529663,0.1658387153143118,0.6859063199392168,0.5109068051816923,0.5116010762179264,football,male
0.24529419813512826,0.14006314137546805,1.7513115565326838,0.36384285794389876,0.25881788309854337,0.2317623494731634,0.895464975984373,0.19470264195632087,0.16204667271731135,0.7134986293472645,0.5115354084070205,0.5115506216051304,football,male
0.24345003383604946,0.1310572351420423,1.8575856080909516,0.345089620784066,0.2688103179609651,0.26290019029166906,0.9780137618446838,0.17928723534224228,0.10769205167258952,0.5739585740296635,0.47126915801851904,0.4713381987435547,football,male
0.2204297663367151,0.13251040261284655,1.6634902769161535,0.3559067554286199,0.2725793383655435,0.26735734264788386,0.9808422907291063,0.1713570995739419,0.08489164114009326,0.5124974814280703,0.46050306817474146,0.4630010484758648,football,male
0.22018343338024593,0.11931383293770613,1.8454141314461325,0.34472508847956485,0.26548448007469266,0.24682187919737628,0.9297036087681444,0.15205977856036387,0.0689793134359845,0.44207818399269677,0.48964464687139814,0.48965289570073683,football,male
0.24700346738108284,0.13011426871263004,1.8983580342492177,0.35114003646578346,0.2744210496448618,0.2402019828603745,0.8753045117028324,0.20257012158725501,0.16681769002130234,0.7387756232171147,0.48670822637695743,0.49019877963424974,football,male
0.2574704296268195,0.1337317442441972,1.9252753419313264,0.38091308389812645,0.2610537822344926,0.23186200952969926,0.8881771700263216,0.19491520496453224,0.15989460054779348,0.7096196110246514,0.5072992925339364,0.5083868613456322,football,male
0.21255255229602246,0.13567443234938747,1.5666367539954706,0.33800357392198455,0.28896694640063153,0.25296321930637533,0.8754053792562846,0.17495764583215767,0.0972421849779635,0.5443996616202424,0.4602760885323566,0.46029962960069365,football,male
0.21613720648112178,0.13200588557299361,1.6373300746625206,0.38096191417228487,0.27337494150917935,0.22052767819808658,0.8066857810033834,0.15688766954769204,0.1365417050556906,0.5868587492067653,0.5087058176129694,0.5102412123471692,football,male
0.2011416360677275,0.10967692748799822,1.8339466711422794,0.3574047186525821,0.25952461087242906,0.25905000482278284,0.9981712483912384,0.17443928622314317,0.1294589746894807,0.6077965218252478,0.4827516273806579,0.4908842331183557,football,male
0.2067814877003086,0.12958079422370852,1.5957726524142202,0.3924868194370268,0.2769038938648693,0.22291912419499682,0.8050414932185195,0.07478090928553324,0.18387272041963695,0.5173072594103404,0.5034626319925197,0.5036924191319296,football,male
0.242614628122982,0.13520603579352275,1.7944067859033024,0.36419322327231773,0.24738688620055163,0.23642302017433248,0.9556812966337636,0.18765250204679673,0.16046371765146114,0.6962324393965157,0.5184389653669647,0.5185043279069302,football,male
0.22501237448279446,0.1222486371865336,1.84061253901308,0.34694831966217343,0.2773260569450098,0.23725648549356051,0.8555145813096295,0.188436334477986,0.1547240693648726,0.6863208076857171,0.4875985173104948,0.48799045543392106,football,male
0.22953298578465914,0.1328231347329376,1.7281099881144375,0.37331477173469196,0.2672626954545148,0.23524197332909244,0.8801900801345769,0.16683725943790992,0.17315641886206762,0.679987356599955,0.4995856229526659,0.4995914315354329,football,male
0.20945158979147344,0.11713759006812266,1.788081773491025,0.3659538202273323,0.2622987301288794,0.24975862441098493,0.9521915119004467,0.15364732856275806,0.08504570162200918,0.4773860603695345,0.48969736796957036,0.49042746018206373,football,male
0.22140112139765405,0.11793039352545259,1.8773881336185796,0.35236186103014067,0.2836903221822286,0.24993542365812396,0.8810149804742998,0.18790904721135868,0.17249654088680838,0.7208111761963341,0.4667806396744535,0.4669786438665791,football,male
0.21617782618865702,0.12968305488444892,1.6669704949600181,0.34130851934016393,0.28483142418522495,0.24615629282666487,0.8642174701432882,0.1603761054614325,0.15554715508221176,0.6318465210872884,0.471852067438782,0.47186297138133104,football,male
0.24766328229885276,0.1358600035386455,1.822930044517515,0.3851613687432413,0.26513274522420827,0.2204188089339053,0.8313526446818523,0.19342571927261779,0.15574575035420446,0.6983429392536444,0.5156214507718159,0.5159866164422461,football,male
0.23186227811938143,0.13595078847632858,1.7054868215034493,0.357189469076833,0.24472738057866417,0.27588733246843467,1.1273251559187698,0.1759859750034785,0.16089190211646048,0.673755754239878,0.4813874018796263,0.48154269815739187,football,male
0.23673845748703468,0.15148040024536988,1.5628322680925237,0.35475864296059517,0.27952093942828077,0.2603333775334459,0.9313555473372398,0.19174178257180943,0.1611100743898641,0.7057037139233471,0.4867314261613235,0.48801187378194516,football,male
0.23018476769482776,0.12077680696278412,1.9058689617929407,0.3379732360643649,0.27089894106550344,0.25845567503547695,0.954066760168628,0.17577381047770424,0.1566113243856512,0.6647702697267108,0.4734612998066137,0.4738248023464155,football,male
0.23772645155754618,0.13607320912339418,1.747048174207243,0.37744508459840337,0.2618832477106105,0.21810352380328854,0.8328273217548455,0.21104407211123613,0.18191644494489084,0.7859210341122539,0.5209114836002606,0.5210234467491065,football,male
0.232902448351988,0.13343632195687563,1.745420174480365,0.34846235795623576,0.26881776582303274,0.25187735322358434,0.9369817967663618,0.1679619197550548,0.09551911756930856,0.5269620746487267,0.48152058329617664,0.4815329109680416,football,male
0.23466593786478773,0.13224984611424032,1.7744136931704113,0.38286969310336183,0.2583081621688588,0.22736244191639624,0.8801984420754269,0.20419469541781024,0.1822534050530681,0.7728962009417567,0.5145023123575976,0.5158865027459105,football,male
0.21920835772112332,0.12958166635775445,1.6916618213252774,0.3341965777414738,0.2731225867136042,0.2535630520297607,0.92838551026044,0.18696046821347842,0.12485474537803258,0.623630427183022,0.47422540302556504,0.47439241825695466,football,male
0.22840964174244993,0.12685994574293627,1.8004866737472027,0.33890635053557655,0.25549399701337194,0.26563600876658927,1.0396956948960585,0.15210757949912143,0.1197924228832235,0.5438000047646899,0.4808747443434294,0.48090626005902937,football,male
0.25507101408579197,0.13819716840441634,1.8457036206368518,0.3481498778740729,0.2743425622532225,0.24398619084554618,0.8893486626415009,0.17786791803696164,0.12860802649362651,0.6129518890611763,0.4833307952825636,0.4834596479893622,football,male
0.22886847276603026,0.13056064953582272,1.752966713781814,0.340913596817088,0.259532592275022,0.27628428165809427,1.06454560961392,0.15627387693482975,0.10166853844865845,0.5158848307669763,0.4661572728805942,0.4662467825259476,football,male
0.24461380760308205,0.132974570894273,1.8395532766755267,0.36224249202275255,0.28040817212078284,0.23082764626022037,0.8231844475659356,0.1947565627798231,0.1732486501117443,0.7360104257831347,0.49116323711222776,0.49119559716210104,football,male
0.23977551713865203,0.12228984840723527,1.9607148120764677,0.3505113703003746,0.2727547538556752,0.2598087047293082,0.9525359358788034,0.20277583394354887,0.1719896171612845,0.7495309022096668,0.48004896729758734,0.48293014486413743,kabaddi,male
0.22133867081787256,0.13154934144631322,1.6825524809503007,0.36387041189288066,0.2831651805705725,0.25933600132633083,0.9158470713234363,0.1849038860927375,0.18122620747441942,0.732260187134314,0.4769398551639885,0.48365626795244315,kabaddi,male
0.2680469274839112,0.12408696093036391,2.1601538588275675,0.36510124631621943,0.27855945120369147,0.26925043341537075,0.9665815762197432,0.19334066498184632,0.17532010244955915,0.7373215348628109,0.4854215882329022,0.48632946134945954,kabaddi,male
0.25974137135654535,0.13544823227337854,1.9176431245872803,0.38346325068008685,0.28652888593954284,0.1931787532961524,0.6742034146494843,0.19352302622273698,0.1367270567525009,0.6605001659504758,0.5365722430109716,0.5370493455883643,kabaddi,male
0.22516188315427121,0.1298126979720663,1.7345135466079185,0.3741233561700848,0.281865635861989,0.2438193530647503,0.865019789727516,0.1725183322111214,0.13656923369019575,0.6181751318026343,0.4872292307173415,0.48727812886052935,kabaddi,male
0.24913101242779973,0.1279566703419084,1.9469951176605778,0.36007416956621907,0.2782278016179106,0.25012467906767316,0.8989923998003931,0.2023148094171586,0.18367889143936403,0.7719874017130451,0.49404579744789145,0.4952644649870705,kabaddi,male
0.23422281652354324,0.1343320378009489,1.7436109833352706,0.3857154362588691,0.28068147598275683,0.20836181390773142,0.7423425902197114,0.18136546610214896,0.19476198223788724,0.7522548966800723,0.5191309341223329,0.5418989614494149,kabaddi,male
0.3557609827123657,0.1605995612451471,2.215205197038581,0.3847036501837546,0.37324632319876866,0.298612478619909,0.8000413133631483,0.242409114008047,0.22727278350034044,0.9393637950167748,0.4513218717846697,0.4548763004523116,kabaddi,male
0.2353945720363946,0.12983478711477686,1.8130316016792982,0.35045338150613714,0.2787296663509655,0.2630537293665019,0.9437593522437433,0.1879287987321875,0.18031019735163822,0.7364779921676515,0.4614103018758752,0.46148997598371727,kabaddi,male
0.22471869528763821,0.11314619478626405,1.9860914961580225,0.40360395665630217,0.2790780534086208,0.226946344264803,0.8132002552436914,0.18966298878618107,0.2014337218988601,0.7821934213700825,0.5122687066925319,0.5131231065369825,kabaddi,male
0.231457557834068,0.12804688836330078,1.8076000189662205,0.33630009014525847,0.27598718755591833,0.24876183920581482,0.9013528541262904,0.17279468656479724,0.13657506107194012,0.6187394952734747,0.477151658752385,0.47734063585532494,kabaddi,male
0.22553325357691642,0.13204406907089475,1.7080150222864392,0.3690892966212648,0.2727128609196058,0.22319562839457457,0.8184272191709044,0.16497230852734934,0.10931169087716697,0.5485679988090325,0.504979103837425,0.5054695016194803,kabaddi,male
0.22141796083697415,0.12780211404214192,1.7325062460544511,0.3662981245067303,0.2877525480835801,0.2374538167828049,0.8252014390984106,0.18003069414150913,0.14846320440107288,0.656987797085164,0.479058193229865,0.48003210054297857,kabaddi,male
0.24392227783069287,0.13173143162042175,1.8516634551846674,0.35859011087145515,0.29760817166519654,0.21958948754152754,0.7378476414571086,0.17875076824015762,0.1772640343058286,0.7120296050919724,0.4931575955765337,0.49497165096574386,kabaddi,male
0.30491450589551844,0.16265001820255662,1.8746662881758327,0.4022047561162814,0.2761843348408602,0.15740703076634371,0.5699346809696612,0.1935911028930963,0.18882510325132718,0.764832412288847,0.5669989196195316,0.5670372345121856,kabaddi,male
0.25525599114757613,0.13036718338576056,1.9579773415236388,0.412480925495858,0.29534630323096434,0.20742037851989814,0.7022954960018339,0.16706953270037075,0.174570349102814,0.6832797636063694,0.5203344707928078,0.5253109077649959,kabaddi,male
0.23973471343864602,0.1332959764185252,1.798514252867787,0.3631400796730387,0.2819464950883593,0.23175617774444046,0.8219863760739793,0.15402132886489076,0.18098168264434425,0.67000602301847,0.4895330140296305,0.4977833225483115,kabaddi,male
0.23301585998264346,0.13506664562166681,1.7251917296838832,0.3669640306814066,0.2901975468623141,0.22178062824214617,0.7642401896228685,0.15426099912257024,0.055871034440391924,0.4202640671259243,0.4887013419132236,0.4900638359292726,kabaddi,male
0.24350338863416282,0.1378005793885558,1.7670708622171838,0.3505204272074363,0.26215393047766516,0.24815571388016333,0.9466030641921104,0.18208288455537003,0.16097941671500327,0.6861246025407466,0.49092994132887285,0.4909769611928083,kabaddi,male
0.1845778291869883,0.1092958218906665,1.6887912638749336,0.37387275766098593,0.25197362031608894,0.2585851288083911,1.0262388915316147,0.15375118952615216,0.16592691545952687,0.639356209971358,0.4987162139627251,0.5046965511895306,kabaddi,male
0.2213021581423667,0.1328217486315955,1.6661590471616752,0.3390878254299259,0.27153280697082605,0.2618004611017898,0.9641577532468042,0.18463373918453124,0.10811832711666812,0.5855041326023988,0.4674666287384483,0.4692331248367602,shooting,male
0.25028449710582157,0.1294836336624372,1.9329431066038145,0.3510313105938234,0.26052750878420755,0.25091523942205946,0.9631045895805581,0.21661850859890816,0.1684888209946764,0.770214659187169,0.49512903414675224,0.4984015991731307,shooting,male
0.24012809630108894,0.13546360796113827,1.7726391605483947,0.3590462974273743,0.2836632292741729,0.22089558160617534,0.7787247651780418,0.20098354933786172,0.16565319876098877,0.733273496197701,0.49590291974019535,0.49687071062435345,shooting,male
0.2141151826504048,0.11181796482356543,1.9148549429266701,0.34955696209052045,0.27277577210858267,0.23560215737792503,0.8637209806307133,0.1939606167658064,0.1561695806097759,0.7002603947511645,0.4929460987337873,0.5005308533881935,shooting,male
0.23255544426360292,0.14877886331951884,1.563094643115835,0.4070871016156848,0.2374308081154444,0.2287525936732162,0.9634495013047817,0.15982014942103057,0.17423192879848376,0.6681041564390287,0.5365538331447496,0.5403423411891826,shooting,male
0.27309652134525825,0.14463308886973686,1.8882022328322212,0.3864061278086973,0.24651508615227444,0.2069475480956549,0.8394924275255984,0.20927885935048568,0.1844997254029947,0.7875571695069608,0.5467350176037382,0.5467425716044385,shooting,male
0.28403943725302644,0.15638748996270346,1.8162542113871538,0.41381790585515205,0.27282904666924257,0.13450072492155477,0.4929853568143474,0.21609733166861494,0.1653992113897777,0.7629930861167853,0.5930845959874063,0.593086832601022,shooting,male
0.2528850154186423,0.14509129633881265,1.7429371836895933,0.38356653571347266,0.26604740867013366,0.20025081773890852,0.7526884728548329,0.1674147738724813,0.11032412826600106,0.5554778042769647,0.5363434631568825,0.5368961476310589,shooting,male
0.2901786443693454,0.14832008070972386,1.956435318675776,0.3954389878345134,0.24654116885703747,0.19492138997424838,0.7906241009479353,0.2307743977142177,0.16305380534909883,0.787656406126633,0.5605576907475655,0.5608858747346137,shooting,male
0.23874805492533122,0.13804885083955093,1.7294461596266328,0.35495833988863096,0.2724966372804415,0.2447836504684726,0.8982997108201086,0.17791788448132592,0.1293025893661631,0.614440947694978,0.4846881257673316,0.48557078009205135,shooting,male
0.20949803753052432,0.12811537288003597,1.6352295030721493,0.35123481518386224,0.2769367966415201,0.26396491887236817,0.9531594286982985,0.126671247885748,0.1444764098057116,0.5422953153829192,0.4595266216112402,0.4623197615386376,shooting,male
0.22994296230596972,0.13844115035223986,1.6609437419504183,0.3768748344004687,0.27739803798546675,0.22502305012191795,0.811191931118515,0.1720612368387147,0.14531801514448303,0.6347585039663954,0.4984626817235587,0.49979853839949784,shooting,male
0.24804668155283596,0.1398756024032408,1.7733377178798762,0.3689374815694776,0.25925260100187597,0.2426393405963339,0.935918635564926,0.18003763228032313,0.1179691752590029,0.596013615078652,0.49866757286719193,0.4999285549492535,shooting,male
0.21804637047497366,0.12137205929844438,1.796512078111938,0.36259696943058484,0.26754234507568725,0.24906139830167856,0.9309232833076183,0.18270253407910583,0.16197245972033827,0.6893499875988882,0.48486624778945425,0.4888500160642382,shooting,male
0.2377720614436605,0.13372390533817902,1.7780819431077075,0.34659830568340266,0.28041401330934074,0.25217982182613174,0.8993124803215087,0.17106903880922156,0.10127023040593837,0.5446785384303198,0.47169282372072024,0.4875233617435232,shooting,male
0.18935990500118394,0.09668142263849652,1.9585965931554756,0.37725175595082194,0.27523110162916664,0.246277606938074,0.8948029691422622,0.17848653767953282,0.17075399910690964,0.6984810735728849,0.4922709522118182,0.4981551269855573,shooting,male
0.2399988899487301,0.1335724459843268,1.796769447322176,0.3533699686867219,0.2622036960423899,0.24138304990025253,0.9205936206987283,0.1793380309456537,0.10949742495507804,0.5776709118014636,0.49735235619198637,0.49771721321051415,shooting,male
0.24718031255999548,0.13919474001433435,1.77578773834802,0.3793933507105456,0.25318164169069374,0.2388978112089578,0.9435826769020396,0.15189550422704026,0.16240153110654706,0.6285940706671747,0.5085765087678749,0.5086080009651809,shooting,male
0.23140949123302862,0.13403276413584914,1.7265143543446073,0.36862028751874193,0.25706529767384595,0.25082330417927234,0.9757182569912911,0.17127985139108504,0.10202261250903237,0.5466049278002348,0.4944277515285302,0.4944277826976934,shooting,male
0.2125461370244916,0.13140244141482466,1.6175204565149917,0.3675946090895876,0.2667573005402755,0.24540304514760647,0.9199487498583194,0.13752628289430685,0.14399891297653986,0.5630503917416935,0.4885248760688581,0.4900006198244124,shooting,male
0.2104317971497461,0.12861828794602256,1.636095461308413,0.3727973333198286,0.28169149838606167,0.2395053477921535,0.8502398871261229,0.14645828100783323,0.1684857039800508,0.6298879699757681,0.4796872285707204,0.48001533063806123,shooting,male
0.22681018295931699,0.13764681390311168,1.6477692183922732,0.35865666979463207,0.27265471318520174,0.24705482227336015,0.9061087534017696,0.15094291749858862,0.1321414289998612,0.5661686929968996,0.4821653697487509,0.49085258797534503,shooting,male
0.2435277970870754,0.14408514393262298,1.6901659008020544,0.37891278418629254,0.2623378690888071,0.20606121045318954,0.7854802326820507,0.22251154492514272,0.17154041457872907,0.7881039190077436,0.5321477688046782,0.5345049028879386,shooting,male
0.21616738109704264,0.1019165120978698,2.1210241269781527,0.3474205335106965,0.2797636558293068,0.24010707802242975,0.8582497154988822,0.19399410363445638,0.15993817875756774,0.7078645647840482,0.4858336914385824,0.48895658790344126,volleyball,male
0.186405921724414,0.11842735853756742,1.5740106342512274,0.36476356459002196,0.27920939890047247,0.23452970794932096,0.8399778405487054,0.12473995228890293,0.16543338305279567,0.5803466706833972,0.48776380103641703,0.4879410870615917,volleyball,male
0.2159952049632688,0.12240823121694068,1.7645480439993169,0.3369151679498707,0.2668279062345512,0.2642116893247726,0.9901951150960993,0.17410183235824805,0.16481195846010982,0.6778275816367157,0.4701171707926728,0.4726357895498762,volleyball,male
0.2551266824745138,0.13560165679488728,1.8814422220550118,0.35400038047334587,0.2695483790364743,0.23485833169641698,0.8713030756702745,0.17509790228689226,0.11554837425600319,0.5812925530857909,0.5053225092571607,0.5055675188412033,volleyball,male
0.24508774488969756,0.12199900083563242,2.0089323946177307,0.380443473345104,0.26507737436466294,0.21830572428676487,0.8235547255211793,0.18795549334959957,0.18811878286314637,0.752148552425492,0.5223715215111685,0.5329387771131926,volleyball,male
0.26959952280295746,0.16169557542958823,1.6673277675452345,0.4193137756675792,0.2701453438386087,0.17372048354091235,0.6430630307094878,0.2058495633790168,0.14510947872309501,0.7019180842042236,0.5577564780397605,0.5674600184035273,volleyball,male
0.20854382860555173,0.12547071514672317,1.6620916551060092,0.35285363081791166,0.28122476091187665,0.2462142927444017,0.8755071635443734,0.16952968333091697,0.16978470916858843,0.6786287849990108,0.4749564259690886,0.475012908089934,volleyball,male
0.22084700673495178,0.1350137679411731,1.6357369333709517,0.36415960583403023,0.2697584808174132,0.2439368755770748,0.9042788009404018,0.16578763729959994,0.14605383733223176,0.6236829492636634,0.4926033321716949,0.49317270888033743,volleyball,male
0.23106738551546335,0.12463501262553707,1.8539524379854626,0.36587739564611976,0.25135957741506765,0.28347578298578474,1.1277699696227765,0.14954558872404303,0.15739399990246125,0.6138791772530086,0.466236855995954,0.46658959580040643,weightlifting,male
0.22587807565396448,0.12674733366304802,1.7821130364323952,0.349693959609369,0.2709912137169738,0.25942159274681276,0.9573062874937176,0.1502168767444225,0.11778217613328365,0.5359981057554124,0.4798315860014517,0.47987490084089396,weightlifting,male
0.19620444456481428,0.1193985964677035,1.6432726210302335,0.3907084262392399,0.25223300296826634,0.2564466783449421,1.0167054878905195,0.16860712100518452,0.15737134695282504,0.6519569359160191,0.49155048837717397,0.5001897940524269,weightlifting,male
0.25311539120467186,0.1493684690316377,1.6945704327401225,0.4019010724694852,0.25246296429742127,0.25697896336168957,1.0178877685162095,0.1620259352344417,0.16517304298022104,0.6543979564293255,0.4974132513415659,0.4981158736969699,weightlifting,male
0.2342194949474018,0.12961929012961085,1.8069802319793418,0.39757289118332406,0.24323700502771053,0.1953705348526479,0.8032105757526101,0.20225470733602738,0.1820446976964054,0.7685988100648655,0.5627986466912729,0.5666406508387809,weightlifting,male
0.21417953025620307,0.12483201005632685,1.715742061347572,0.3553291914884729,0.2880242699288474,0.23040610015362334,0.7999537685159037,0.15646920391191882,0.09836153656298759,0.5096614809498128,0.4821536339829555,0.4851872331045071,weightlifting,male
0.20265694127857148,0.12955843142494386,1.5642126803300735,0.40631781644125925,0.2499462170397354,0.24693903624609437,0.9879686885072441,0.16929079035415773,0.17523726538544465,0.6890561114792048,0.5059253771468992,0.5061107759577801,weightlifting,male
0.24945329452091056,0.13536425133522179,1.8428299352327062,0.35968082771523274,0.263177592694217,0.24472507882825342,0.9298856955219462,0.1777875276308832,0.13347951924681067,0.6225340937553877,0.4932923230861723,0.494675335554523,weightlifting,male
0.21417324700922521,0.1308954881598003,1.6362156558655212,0.3425043393832463,0.27010876244621396,0.26864785614554476,0.9945914146307633,0.16931107244373134,0.11962300732525216,0.577868159537967,0.463171739546408,0.46359873505515525,weightlifting,male
0.19860823537908284,0.11511033748484957,1.725372713855721,0.34961295964290906,0.26619798520719007,0.2528131989023032,0.9497186791460157,0.19008424543558802,0.1624463275106883,0.7050611458925526,0.4816089160179234,0.5036938091996099,weightlifting,male
0.24776943850831865,0.1325711324462455,1.8689546806789432,0.40597257454900787,0.2861198173328175,0.23505506954458905,0.8215267007219237,0.1777320173681915,0.1843964534242609,0.7242569415849047,0.4817939487908953,0.4817962799755018,weightlifting,male
0.2526234200242195,0.13162770663692966,1.9192267834691812,0.35969064568101,0.2682814575316594,0.22723819838763462,0.8470141786106059,0.17609982041396366,0.13409383524756127,0.6203873113230498,0.5049194430999999,0.5058689918514763,weightlifting,male
0.23827542962467124,0.1424614672964513,1.6725605466974345,0.3645420491308607,0.2797043652456199,0.2573710748863706,0.9201539441844695,0.17143638781139892,0.17798518162183774,0.6988431388664733,0.4645125644303623,0.4677934411869306,weightlifting,male
0.234400321111918,0.13872684064260907,1.6896537110348018,0.3712606972442761,0.2663259846635059,0.2510006206026962,0.9424563694745265,0.19039919879049985,0.16041167039482096,0.7016217383706417,0.49194808773314547,0.4920536113630438,weightlifting,male
0.2519285904930214,0.15619377091170328,1.6129234157195502,0.4069494664126374,0.24818507886351723,0.2507371878392527,1.0102830878770876,0.14447649385186256,0.19187255486828964,0.6726980974403044,0.5089496960845541,0.508953618692288,weightlifting,male
0.21514388308113733,0.11783873165221234,1.8257484620261366,0.3524499742856513,0.26344291164912176,0.24684426449759864,0.936993381041769,0.17372306414232916,0.14312244578303357,0.6336910198507255,0.4910397437938527,0.4911297215614281,wrestling,male
0.2001210575924982,0.1099325337792906,1.8203988456618068,0.3450202721120149,0.26756901097847546,0.29432666012071124,1.1000027957063692,0.1553549825940536,0.1620430817490872,0.6347961286862815,0.47338560641469307,0.48361011758369954,wrestling,male
0.24080941651801233,0.12922619371316452,1.8634721769529348,0.34395572461418333,0.25615674343212114,0.2594487845624657,1.0128516668592675,0.18712477794913304,0.16103813352530216,0.6963258229488705,0.4868417181674267,0.48685331891886124,wrestling,male
0.248745737734091,0.13327059732349794,1.8664712451936518,0.37141559713943934,0.2510138724309933,0.24402361193121158,0.972151895701687,0.18292660150494733,0.17461541534749195,0.7150840337048786,0.5076426781687706,0.5077979424729685,wrestling,male
0.23471069129644234,0.13953745246963015,1.682062321924118,0.3696123630145997,0.2390924035192325,0.25995867751847307,1.087272843854958,0.18782912841967903,0.13641003335447863,0.6484783235483154,0.5036130965785086,0.5042961529346114,wrestling,male
0.2384703209498746,0.12938006807371014,1.8431766538723242,0.3734841113684323,0.2445973143222311,0.25089912409766396,1.025764018680642,0.1593256669434716,0.16390458113766795,0.646460496162279,0.506240867595363,0.506246331106906,wrestling,male
0.2284626586294628,0.13703446670475125,1.6671912119868275,0.375939406791076,0.26983042282176795,0.23140497957229147,0.8575941035571895,0.14518413336749125,0.1707338159995696,0.6318358987341218,0.5022422237465547,0.5030395953551072,wrestling,male
0.23033413737671088,0.14091421816730468,1.6345698849440422,0.34671546710217743,0.26694903901013145,0.24971378675733333,0.9354361704514547,0.1686995350712943,0.14703529861319328,0.6314696673689751,0.4854006122807782,0.48545950802667465,wrestling,male
0.24285659960155362,0.1326820851849575,1.8303646589742235,0.35561213567012134,0.26213334206225875,0.2359048230572591,0.8999420722344807,0.1841851745021296,0.15346256305496034,0.6752954751141799,0.5026906887544269,0.5052607759037958,wrestling,male
0.2505474727547215,0.15201899386880857,1.6481326864387904,0.3524602766973628,0.2393772472177162,0.2573836854663748,1.0752220123589338,0.1885979832460314,0.15811981346535586,0.6934355934227745,0.5051222035788241,0.5056170771078968,wrestling,male
0.24149068573668653,0.14309856578240407,1.6875828518358296,0.359338156072099,0.2714797131039293,0.2545631904559705,0.9376877098677249,0.17895431717823687,0.171155736726514,0.7002201078095017,0.4747199967719279,0.4800158271335576,wrestling,male
0.25800590710249993,0.14811821933796945,1.74189176899159,0.3781311028426333,0.24834476352448606,0.22513060853860842,0.906524483720033,0.1877871383236543,0.16338419931485804,0.7023426752770247,0.5277277585553021,0.528359362578683,wrestling,male
0.27156452111753876,0.15618045326959562,1.738786867577913,0.41913846185119014,0.20948988950429406,0.20644429548548057,0.9854618567701757,0.21894653889606916,0.1932053859999987,0.8243038497921358,0.5857817991189651,0.5861881818759144,wrestling,male
0.20934277517396935,0.11550459709035976,1.81241942266765,0.38769739582831675,0.2582951220918921,0.25025671145294487,0.9688789684689151,0.15083182725969213,0.16304310904415975,0.6277498726077038,0.4918121961240034,0.49334717769396386,wrestling,male
0.1937789078930095,0.11579453177177582,1.673472010534455,0.38946982776357775,0.2704464719206738,0.2535271067842955,0.9374391353075554,0.14842130369177817,0.15651526127585405,0.6098731299352644,0.47725290137438253,0.47778902976393484,wrestling,male
0.2998813437703871,0.15680962306923985,1.9123912034274417,0.40643690723400144,0.30891690037430597,0.27038879646476305,0.8752800385383269,0.21595146910668933,0.19175351113916797,0.8154099604917145,0.44122363745081633,0.47627473680689997,wrestling,male
0.27492983505048185,0.1494684272475441,1.8393840098093304,0.36195876519774844,0.24118175492241076,0.22951383061713276,0.9516218616576879,0.21492565550694204,0.16715884485728705,0.7641690007284582,0.5303328591837512,0.5305419493420939,wrestling,male
0.24736053360282428,0.1308429282002211,1.890515116142183,0.3696386927799253,0.23910959959041944,0.2531790584559884,1.058841045652994,0.19319213831481968,0.17279640238721894,0.7319770814040772,0.5097914161089575,0.515608813856722,wrestling,male
0.1843114212979935,0.1275576051569836,1.4449269494450263,0.40437369755903496,0.28286130966243883,0.174367869532555,0.6164429831023629,0.21460746902374284,0.14862562169077223,0.7264661814290301,0.5454620709087497,0.5566214695975218,wrestling,male
